timestamp,energy_consumption
2024-01-01 00:00:00,452.9835707650562
2024-01-01 01:00:00,452.7922492592002
2024-01-01 02:00:00,456.5306919497037
2024-01-01 03:00:00,464.6458412317438
2024-01-01 04:00:00,463.97507435812713
2024-01-01 05:00:00,463.30438957338123
2024-01-01 06:00:00,471.70045365091823
2024-01-01 07:00:00,476.03762729668273
2024-01-01 08:00:00,474.190255367008
2024-01-01 09:00:00,477.4030555849378
2024-01-01 10:00:00,475.5859671208755
2024-01-01 11:00:00,473.75731835302423
2024-01-01 12:00:00,475.4671297108544
2024-01-01 13:00:00,466.4007284875654
2024-01-01 14:00:00,458.27613932500026
2024-01-01 15:00:00,455.9647016787954
2024-01-01 16:00:00,451.40054607712324
2024-01-01 17:00:00,453.4717827400996
2024-01-01 18:00:00,449.43166236249357
2024-01-01 19:00:00,442.8701438558171
2024-01-01 20:00:00,450.69838770042486
2024-01-01 21:00:00,450.0695061979922
2024-01-01 22:00:00,450.90714722143184
2024-01-01 23:00:00,444.28340629036455
2024-01-02 00:00:00,442.0614926677386
2024-01-02 01:00:00,443.11610561628794
2024-01-02 02:00:00,437.86113772917645
2024-01-02 03:00:00,440.2396278209048
2024-01-02 04:00:00,437.7364343713108
2024-01-02 05:00:00,436.77796562234437
2024-01-02 06:00:00,434.2694325611974
2024-01-02 07:00:00,444.0308234837421
2024-01-02 08:00:00,444.46333736005244
2024-01-02 09:00:00,439.6747827152729
2024-01-02 10:00:00,444.28750727578887
2024-01-02 11:00:00,438.68328902593373
2024-01-02 12:00:00,440.2276070009575
2024-01-02 13:00:00,430.9292563815587
2024-01-02 14:00:00,424.7883261370665
2024-01-02 15:00:00,426.2726323164121
2024-01-02 16:00:00,430.46496521638915
2024-01-02 17:00:00,431.821806622339
2024-01-02 18:00:00,431.74356521039783
2024-01-02 19:00:00,430.7380467324514
2024-01-02 20:00:00,423.84543678061425
2024-01-02 21:00:00,420.7462157386407
2024-01-02 22:00:00,418.94302188384177
2024-01-02 23:00:00,424.72863301493635
2024-01-03 00:00:00,426.94672446277866
2024-01-03 01:00:00,418.63152368596496
2024-01-03 02:00:00,420.7519435329389
2024-01-03 03:00:00,419.32653213085734
2024-01-03 04:00:00,416.44192212932757
2024-01-03 05:00:00,420.0003035735319
2024-01-03 06:00:00,425.6553011860117
2024-01-03 07:00:00,430.81170178159266
2024-01-03 08:00:00,427.1156141654795
2024-01-03 09:00:00,426.06955228622337
2024-01-03 10:00:00,428.2258694432412
2024-01-03 11:00:00,433.603595078853
2024-01-03 12:00:00,431.70772388962655
2024-01-03 13:00:00,431.27942900630745
2024-01-03 14:00:00,426.2477541362773
2024-01-03 15:00:00,420.766721015874
2024-01-03 16:00:00,425.329350127845
2024-01-03 17:00:00,432.6105502706991
2024-01-03 18:00:00,432.7504996627974
2024-01-03 19:00:00,438.26816415225755
2024-01-03 20:00:00,440.5763442774957
2024-01-03 21:00:00,437.85074550447007
2024-01-03 22:00:00,440.15772353201214
2024-01-03 23:00:00,448.347906364342
2024-01-04 00:00:00,448.66877616879225
2024-01-04 01:00:00,456.9919944478623
2024-01-04 02:00:00,444.39326892741354
2024-01-04 03:00:00,449.00278144928967
2024-01-04 04:00:00,449.9380167904805
2024-01-04 05:00:00,448.9429800381512
2024-01-04 06:00:00,449.9017839208287
2024-01-04 07:00:00,440.46393934782424
2024-01-04 08:00:00,439.8655799086367
2024-01-04 09:00:00,442.1511427661954
2024-01-04 10:00:00,450.04061298990297
2024-01-04 11:00:00,447.94926189853476
2024-01-04 12:00:00,444.4067938840688
2024-01-04 13:00:00,442.3980086661461
2024-01-04 14:00:00,447.4750192546565
2024-01-04 15:00:00,449.61877480295493
2024-01-04 16:00:00,447.4699737841197
2024-01-04 17:00:00,450.5363109496865
2024-01-04 18:00:00,451.5216986964267
2024-01-04 19:00:00,456.86492364909117
2024-01-04 20:00:00,453.8546581797044
2024-01-04 21:00:00,452.71634744671553
2024-01-04 22:00:00,451.25580668105476
2024-01-04 23:00:00,444.4382319403942
2024-01-05 00:00:00,446.41883332571706
2024-01-05 01:00:00,448.2241096866165
2024-01-05 02:00:00,448.7496769698288
2024-01-05 03:00:00,448.07674130295305
2024-01-05 04:00:00,441.499887592701
2024-01-05 05:00:00,439.8966609788742
2024-01-05 06:00:00,438.68308839624035
2024-01-05 07:00:00,435.17170205013224
2024-01-05 08:00:00,434.8652734918022
2024-01-05 09:00:00,437.3855277758749
2024-01-05 10:00:00,447.31645728192757
2024-01-05 11:00:00,448.6893463460867
2024-01-05 12:00:00,450.4770982997006
2024-01-05 13:00:00,450.6048687208697
2024-01-05 14:00:00,441.51101264437455
2024-01-05 15:00:00,441.87844326712843
2024-01-05 16:00:00,442.6795943168336
2024-01-05 17:00:00,455.49580487926
2024-01-05 18:00:00,455.0340000553544
2024-01-05 19:00:00,457.0417367670224
2024-01-05 20:00:00,457.36817791849626
2024-01-05 21:00:00,452.0247877303986
2024-01-05 22:00:00,458.23890180297366
2024-01-05 23:00:00,462.49856696640757
2024-01-06 00:00:00,466.95372670162277
2024-01-06 01:00:00,462.9067894276491
2024-01-06 02:00:00,470.42076098232957
2024-01-06 03:00:00,463.9115056683682
2024-01-06 04:00:00,467.34579113736953
2024-01-06 05:00:00,478.7980692664194
2024-01-06 06:00:00,474.345387640766
2024-01-06 07:00:00,472.0138989927521
2024-01-06 08:00:00,473.0121558181903
2024-01-06 09:00:00,470.9947775476093
2024-01-06 10:00:00,463.74146039227867
2024-01-06 11:00:00,464.5842752663088
2024-01-06 12:00:00,459.7727566976783
2024-01-06 13:00:00,462.64071885085417
2024-01-06 14:00:00,458.54359767968515
2024-01-06 15:00:00,466.79326970477285
2024-01-06 16:00:00,463.3770032430917
2024-01-06 17:00:00,462.2666956620633
2024-01-06 18:00:00,466.8342817489117
2024-01-06 19:00:00,461.17996016674186
2024-01-06 20:00:00,462.8172598397625
2024-01-06 21:00:00,469.85297361117466
2024-01-06 22:00:00,462.31555743836856
2024-01-06 23:00:00,463.73872673103006
2024-01-07 00:00:00,465.5381407022722
2024-01-07 01:00:00,469.9472550611587
2024-01-07 02:00:00,464.26250150676833
2024-01-07 03:00:00,458.16021844134696
2024-01-07 04:00:00,461.26992626943144
2024-01-07 05:00:00,463.25484963559734
2024-01-07 06:00:00,465.00731388732675
2024-01-07 07:00:00,467.2395549348116
2024-01-07 08:00:00,464.33943132691917
2024-01-07 09:00:00,466.0006998127242
2024-01-07 10:00:00,467.9660621792176
2024-01-07 11:00:00,464.8943050890857
2024-01-07 12:00:00,474.72317764480954
2024-01-07 13:00:00,477.59234224936847
2024-01-07 14:00:00,472.13582476335523
2024-01-07 15:00:00,475.9185928065244
2024-01-07 16:00:00,471.54518445538775
2024-01-07 17:00:00,475.9806074741
2024-01-07 18:00:00,482.27358536913704
2024-01-07 19:00:00,478.67017377737847
2024-01-07 20:00:00,483.9870544236001
2024-01-07 21:00:00,486.5509590582826
2024-01-07 22:00:00,491.16125985825505
2024-01-07 23:00:00,501.1452247715248
2024-01-08 00:00:00,500.41828419151045
2024-01-08 01:00:00,497.14960336972297
2024-01-08 02:00:00,493.20203122159535
2024-01-08 03:00:00,489.62297979676816
2024-01-08 04:00:00,489.73747124969765
2024-01-08 05:00:00,491.9432311237809
2024-01-08 06:00:00,493.82668512043097
2024-01-08 07:00:00,498.4626013656111
2024-01-08 08:00:00,499.02761082500064
2024-01-08 09:00:00,506.7952812107872
2024-01-08 10:00:00,505.9719970445974
2024-01-08 11:00:00,520.0728428775456
2024-01-08 12:00:00,523.7011796163706
2024-01-08 13:00:00,519.9153918342892
2024-01-08 14:00:00,515.0609293439836
2024-01-08 15:00:00,517.9732914201995
2024-01-08 16:00:00,517.3559774935702
2024-01-08 17:00:00,521.4259799640307
2024-01-08 18:00:00,524.2921680868984
2024-01-08 19:00:00,524.4280235236141
2024-01-08 20:00:00,520.694054933272
2024-01-08 21:00:00,513.6198188098427
2024-01-08 22:00:00,511.8872440495076
2024-01-08 23:00:00,516.669238021125
2024-01-09 00:00:00,518.239706741776
2024-01-09 01:00:00,512.5110128482161
2024-01-09 02:00:00,513.8769174774719
2024-01-09 03:00:00,516.3035043761162
2024-01-09 04:00:00,512.3842171951105
2024-01-09 05:00:00,513.6528427248381
2024-01-09 06:00:00,514.4438863170681
2024-01-09 07:00:00,509.22903482791503
2024-01-09 08:00:00,511.5179716296564
2024-01-09 09:00:00,514.8218942614976
2024-01-09 10:00:00,520.7371504773739
2024-01-09 11:00:00,526.5061607375485
2024-01-09 12:00:00,520.117813897763
2024-01-09 13:00:00,515.9286886981874
2024-01-09 14:00:00,519.0038650342307
2024-01-09 15:00:00,522.0727947887917
2024-01-09 16:00:00,525.148033220322
2024-01-09 17:00:00,544.9116906735956
2024-01-09 18:00:00,548.2661432270614
2024-01-09 19:00:00,554.4439714279645
2024-01-09 20:00:00,559.7139802454304
2024-01-09 21:00:00,563.4709365019594
2024-01-09 22:00:00,562.3945902787577
2024-01-09 23:00:00,566.689436381224
2024-01-10 00:00:00,563.3253103085362
2024-01-10 01:00:00,562.6412172748362
2024-01-10 02:00:00,560.7143995356906
2024-01-10 03:00:00,561.6237702326223
2024-01-10 04:00:00,573.6970630659898
2024-01-10 05:00:00,564.860737103031
2024-01-10 06:00:00,568.7920380549036
2024-01-10 07:00:00,561.2284586989554
2024-01-10 08:00:00,559.3687993700082
2024-01-10 09:00:00,565.313552354845
2024-01-10 10:00:00,566.1349524503223
2024-01-10 11:00:00,561.2462285606758
2024-01-10 12:00:00,558.1697100143759
2024-01-10 13:00:00,562.0676987590493
2024-01-10 14:00:00,558.9158656004637
2024-01-10 15:00:00,560.4981585483736
2024-01-10 16:00:00,561.2260177478926
2024-01-10 17:00:00,558.4680160098635
2024-01-10 18:00:00,569.6877364564901
2024-01-10 19:00:00,573.3573315680802
2024-01-10 20:00:00,563.7316186347922
2024-01-10 21:00:00,565.1638902086393
2024-01-10 22:00:00,562.3549578847974
2024-01-10 23:00:00,567.1171245587784
2024-01-11 00:00:00,563.654520866615
2024-01-11 01:00:00,563.5808386592805
2024-01-11 02:00:00,566.6057750541828
2024-01-11 03:00:00,571.4345510250333
2024-01-11 04:00:00,565.9330689897545
2024-01-11 05:00:00,564.7605628105497
2024-01-11 06:00:00,562.885836254745
2024-01-11 07:00:00,560.1191900918764
2024-01-11 08:00:00,569.4464612932819
2024-01-11 09:00:00,571.9713698480866
2024-01-11 10:00:00,566.1669500764115
2024-01-11 11:00:00,571.2562598116854
2024-01-11 12:00:00,582.3670407967485
2024-01-11 13:00:00,588.0293670995043
2024-01-11 14:00:00,580.9325172697341
2024-01-11 15:00:00,579.0113469054029
2024-01-11 16:00:00,585.845902651336
2024-01-11 17:00:00,582.8075553232421
2024-01-11 18:00:00,585.5266524639733
2024-01-11 19:00:00,589.8998227311199
2024-01-11 20:00:00,585.7651703732295
2024-01-11 21:00:00,585.9675435929205
2024-01-11 22:00:00,570.2612068925752
2024-01-11 23:00:00,565.6392686859037
2024-01-12 00:00:00,564.8764279289379
2024-01-12 01:00:00,559.1375120191137
2024-01-12 02:00:00,567.7995685387718
2024-01-12 03:00:00,561.1488616489687
2024-01-12 04:00:00,559.4486392154838
2024-01-12 05:00:00,560.6023421019142
2024-01-12 06:00:00,568.3087085472448
2024-01-12 07:00:00,561.6293977913476
2024-01-12 08:00:00,567.9452165521224
2024-01-12 09:00:00,568.4963818572203
2024-01-12 10:00:00,564.0888386019806
2024-01-12 11:00:00,566.8993559732969
2024-01-12 12:00:00,568.3946544511643
2024-01-12 13:00:00,565.8935700653703
2024-01-12 14:00:00,566.7425804903204
2024-01-12 15:00:00,565.3160125060116
2024-01-12 16:00:00,566.3835992322679
2024-01-12 17:00:00,570.1942526048731
2024-01-12 18:00:00,578.6243366855998
2024-01-12 19:00:00,572.9352591914655
2024-01-12 20:00:00,584.1004260647469
2024-01-12 21:00:00,574.8399870671344
2024-01-12 22:00:00,574.5810615919565
2024-01-12 23:00:00,578.0226476243794
2024-01-13 00:00:00,579.9276069630546
2024-01-13 01:00:00,577.3141093639515
2024-01-13 02:00:00,576.7734981121652
2024-01-13 03:00:00,574.808493438871
2024-01-13 04:00:00,572.36166965415
2024-01-13 05:00:00,577.109680139255
2024-01-13 06:00:00,579.3947575690803
2024-01-13 07:00:00,576.430209592777
2024-01-13 08:00:00,581.4282089699433
2024-01-13 09:00:00,583.4647065743263
2024-01-13 10:00:00,588.0290171685211
2024-01-13 11:00:00,591.6771613781392
2024-01-13 12:00:00,588.0321863235289
2024-01-13 13:00:00,585.731281122544
2024-01-13 14:00:00,589.9677491481604
2024-01-13 15:00:00,593.5196004753277
2024-01-13 16:00:00,593.9150925055069
2024-01-13 17:00:00,595.0017294220509
2024-01-13 18:00:00,601.8900539009929
2024-01-13 19:00:00,599.4321969568138
2024-01-13 20:00:00,602.667683862664
2024-01-13 21:00:00,602.1567206004945
2024-01-13 22:00:00,601.5683145843584
2024-01-13 23:00:00,607.5621988442944
2024-01-14 00:00:00,612.1892805892345
2024-01-14 01:00:00,616.7568287692377
2024-01-14 02:00:00,623.7842228050093
2024-01-14 03:00:00,624.3892420131731
2024-01-14 04:00:00,628.2990068696479
2024-01-14 05:00:00,627.2476730866806
2024-01-14 06:00:00,629.3685048491229
2024-01-14 07:00:00,629.2177895772844
2024-01-14 08:00:00,630.202769402248
2024-01-14 09:00:00,633.6785545294326
2024-01-14 10:00:00,630.0874511132653
2024-01-14 11:00:00,641.0493874916925
2024-01-14 12:00:00,636.5193005841941
2024-01-14 13:00:00,630.9483575202554
2024-01-14 14:00:00,637.2389118877556
2024-01-14 15:00:00,641.6972253575703
2024-01-14 16:00:00,645.3178244428311
2024-01-14 17:00:00,648.9595519891525
2024-01-14 18:00:00,649.398318124918
2024-01-14 19:00:00,645.4120462674888
2024-01-14 20:00:00,646.2910690584574
2024-01-14 21:00:00,643.4052605008969
2024-01-14 22:00:00,648.7808591679857
2024-01-14 23:00:00,648.545572260475
2024-01-15 00:00:00,644.9180862765124
2024-01-15 01:00:00,643.8111570682474
2024-01-15 02:00:00,646.3758143396255
2024-01-15 03:00:00,644.0571915756057
2024-01-15 04:00:00,640.4460895977735
2024-01-15 05:00:00,642.1645256552331
2024-01-15 06:00:00,643.8893585107767
2024-01-15 07:00:00,641.854642633921
2024-01-15 08:00:00,639.9994511058294
2024-01-15 09:00:00,641.6597007926176
2024-01-15 10:00:00,634.9192790851309
2024-01-15 11:00:00,628.3819602132482
2024-01-15 12:00:00,625.289739106986
2024-01-15 13:00:00,624.7225033484268
2024-01-15 14:00:00,626.7770411764168
2024-01-15 15:00:00,634.6538222611646
2024-01-15 16:00:00,639.4421203771747
2024-01-15 17:00:00,639.1424277273575
2024-01-15 18:00:00,639.5473466878441
2024-01-15 19:00:00,635.0346998646551
2024-01-15 20:00:00,635.442134184693
2024-01-15 21:00:00,634.4988409900924
2024-01-15 22:00:00,636.6124337917829
2024-01-15 23:00:00,632.9762790740212
2024-01-16 00:00:00,636.0730116452271
2024-01-16 01:00:00,644.23670621024
2024-01-16 02:00:00,644.1929054679557
2024-01-16 03:00:00,646.7014640784504
2024-01-16 04:00:00,650.652184037006
2024-01-16 05:00:00,649.1460816775768
2024-01-16 06:00:00,650.7665440866289
2024-01-16 07:00:00,651.3295060905378
2024-01-16 08:00:00,652.317886583282
2024-01-16 09:00:00,648.9528376640046
2024-01-16 10:00:00,649.5753885352995
2024-01-16 11:00:00,652.5653799915267
2024-01-16 12:00:00,660.3210980305018
2024-01-16 13:00:00,665.6174521609279
2024-01-16 14:00:00,676.8833644484857
2024-01-16 15:00:00,673.5466266340454
2024-01-16 16:00:00,678.4082298176488
2024-01-16 17:00:00,679.8249398463406
2024-01-16 18:00:00,691.273954512429
2024-01-16 19:00:00,687.7324630856532
2024-01-16 20:00:00,684.0338538747493
2024-01-16 21:00:00,681.5368906475292
2024-01-16 22:00:00,671.4174120259802
2024-01-16 23:00:00,669.2886369175764
2024-01-17 00:00:00,665.9929736098079
2024-01-17 01:00:00,667.2449425421889
2024-01-17 02:00:00,669.4537224210748
2024-01-17 03:00:00,679.3345766171542
2024-01-17 04:00:00,684.5866958080844
2024-01-17 05:00:00,682.2021775297724
2024-01-17 06:00:00,678.2101041730306
2024-01-17 07:00:00,681.1697000305631
2024-01-17 08:00:00,675.0685339954599
2024-01-17 09:00:00,684.7258278247317
2024-01-17 10:00:00,691.1230284283381
2024-01-17 11:00:00,689.2771501678146
2024-01-17 12:00:00,681.2114775223602
2024-01-17 13:00:00,688.4808393931872
2024-01-17 14:00:00,688.4081401669241
2024-01-17 15:00:00,695.0972217267914
2024-01-17 16:00:00,687.6250834328196
2024-01-17 17:00:00,685.1282083180507
2024-01-17 18:00:00,685.6544268166417
2024-01-17 19:00:00,686.3893297854654
2024-01-17 20:00:00,684.6390024280691
2024-01-17 21:00:00,688.2532520898067
2024-01-17 22:00:00,683.4151499428937
2024-01-17 23:00:00,683.2032525177872
2024-01-18 00:00:00,684.3047306763467
2024-01-18 01:00:00,687.3769248466405
2024-01-18 02:00:00,691.4349992370849
2024-01-18 03:00:00,686.3117887778956
2024-01-18 04:00:00,679.1412179242175
2024-01-18 05:00:00,686.02960203371
2024-01-18 06:00:00,688.191172093608
2024-01-18 07:00:00,684.9487394108252
2024-01-18 08:00:00,693.2044992884378
2024-01-18 09:00:00,694.2828724599021
2024-01-18 10:00:00,700.6793583802212
2024-01-18 11:00:00,701.5169507872718
2024-01-18 12:00:00,712.3206904116817
2024-01-18 13:00:00,721.5973946238978
2024-01-18 14:00:00,720.8525738815024
2024-01-18 15:00:00,726.2104286362742
2024-01-18 16:00:00,729.9373083841999
2024-01-18 17:00:00,737.2804661718617
2024-01-18 18:00:00,732.9558488689611
2024-01-18 19:00:00,736.8861061689533
2024-01-18 20:00:00,742.6782286032012
2024-01-18 21:00:00,734.3845311710857
2024-01-18 22:00:00,728.9682386077568
2024-01-18 23:00:00,719.2720777189563
2024-01-19 00:00:00,718.4250435467336
2024-01-19 01:00:00,722.5127548257135
2024-01-19 02:00:00,730.5245400861936
2024-01-19 03:00:00,731.3950139882925
2024-01-19 04:00:00,740.038091716149
2024-01-19 05:00:00,733.6375844250745
2024-01-19 06:00:00,725.6206722282986
2024-01-19 07:00:00,725.8429337338156
2024-01-19 08:00:00,728.2632609785121
2024-01-19 09:00:00,728.5997872380417
2024-01-19 10:00:00,718.7625767378422
2024-01-19 11:00:00,718.8169765402783
2024-01-19 12:00:00,712.794629037754
2024-01-19 13:00:00,716.6429917819042
2024-01-19 14:00:00,718.9759830123885
2024-01-19 15:00:00,714.7765840807517
2024-01-19 16:00:00,712.7072494940683
2024-01-19 17:00:00,707.9111818846235
2024-01-19 18:00:00,708.0977863982577
2024-01-19 19:00:00,713.3734980007639
2024-01-19 20:00:00,708.9448677690862
2024-01-19 21:00:00,711.9651003466754
2024-01-19 22:00:00,709.8138122548131
2024-01-19 23:00:00,706.3494480935015
2024-01-20 00:00:00,706.3142962937286
2024-01-20 01:00:00,701.6380846816318
2024-01-20 02:00:00,699.3698381548959
2024-01-20 03:00:00,693.8804486919516
2024-01-20 04:00:00,704.2040743565335
2024-01-20 05:00:00,704.8803921163922
2024-01-20 06:00:00,701.8817645764293
2024-01-20 07:00:00,703.4516641301004
2024-01-20 08:00:00,703.3900238816462
2024-01-20 09:00:00,702.7851758839801
2024-01-20 10:00:00,706.3560093841973
2024-01-20 11:00:00,710.6435479344337
2024-01-20 12:00:00,708.4910421963812
2024-01-20 13:00:00,706.1119509931577
2024-01-20 14:00:00,705.2366925073994
2024-01-20 15:00:00,694.2270866837215
2024-01-20 16:00:00,687.1511313727287
2024-01-20 17:00:00,694.4855027099513
2024-01-20 18:00:00,703.2103412774578
2024-01-20 19:00:00,702.4651610796759
2024-01-20 20:00:00,705.8479458949547
2024-01-20 21:00:00,707.9041966676724
2024-01-20 22:00:00,723.7986007099486
2024-01-20 23:00:00,729.8964752671214
2024-01-21 00:00:00,729.7568873097176
2024-01-21 01:00:00,725.4791851067155
2024-01-21 02:00:00,717.9469535054276
2024-01-21 03:00:00,719.4642716847637
2024-01-21 04:00:00,716.1825179583423
2024-01-21 05:00:00,709.5712494103539
2024-01-21 06:00:00,706.8383849891412
2024-01-21 07:00:00,701.9306449710692
2024-01-21 08:00:00,710.8663531464321
2024-01-21 09:00:00,715.7745519311793
2024-01-21 10:00:00,716.2346887245963
2024-01-21 11:00:00,724.1344094190463
2024-01-21 12:00:00,725.0212509572845
2024-01-21 13:00:00,721.2148299506432
2024-01-21 14:00:00,729.3304503369914
2024-01-21 15:00:00,732.5250005554146
2024-01-21 16:00:00,727.8387697837825
2024-01-21 17:00:00,727.3870763933644
2024-01-21 18:00:00,723.5089851264406
2024-01-21 19:00:00,717.094986471619
2024-01-21 20:00:00,722.2258742092772
2024-01-21 21:00:00,732.2729574116279
2024-01-21 22:00:00,725.7801195425321
2024-01-21 23:00:00,729.094965725985
2024-01-22 00:00:00,726.3417528803759
2024-01-22 01:00:00,724.4061259615523
2024-01-22 02:00:00,721.9441563403581
2024-01-22 03:00:00,718.1242024919591
2024-01-22 04:00:00,718.8668106316832
2024-01-22 05:00:00,715.212060049628
2024-01-22 06:00:00,717.0643441785271
2024-01-22 07:00:00,717.3131536312815
2024-01-22 08:00:00,716.6184133969493
2024-01-22 09:00:00,712.5805950867414
2024-01-22 10:00:00,710.1967384338998
2024-01-22 11:00:00,714.4736945630286
2024-01-22 12:00:00,717.4782805011505
2024-01-22 13:00:00,713.0905042771577
2024-01-22 14:00:00,714.0871658043038
2024-01-22 15:00:00,718.3441014211628
2024-01-22 16:00:00,710.4970750155559
2024-01-22 17:00:00,713.7138759774555
2024-01-22 18:00:00,710.9007571827262
2024-01-22 19:00:00,714.2537505256921
2024-01-22 20:00:00,710.9374547429795
2024-01-22 21:00:00,702.413044239657
2024-01-22 22:00:00,694.7753320502411
2024-01-22 23:00:00,695.515756783548
2024-01-23 00:00:00,697.3143692921554
2024-01-23 01:00:00,693.2927861666334
2024-01-23 02:00:00,696.9857484605202
2024-01-23 03:00:00,689.1781481491755
2024-01-23 04:00:00,689.3477491559389
2024-01-23 05:00:00,683.7926681571266
2024-01-23 06:00:00,681.0334876181158
2024-01-23 07:00:00,681.7704809746979
2024-01-23 08:00:00,677.968414148278
2024-01-23 09:00:00,676.545636427129
2024-01-23 10:00:00,682.0771004732012
2024-01-23 11:00:00,679.6926411255854
2024-01-23 12:00:00,684.3711016859112
2024-01-23 13:00:00,679.2225674126231
2024-01-23 14:00:00,682.3715883021995
2024-01-23 15:00:00,690.079431405489
2024-01-23 16:00:00,678.2212089048526
2024-01-23 17:00:00,674.7367326275001
2024-01-23 18:00:00,678.1220932634028
2024-01-23 19:00:00,677.6068663331879
2024-01-23 20:00:00,679.9625957000444
2024-01-23 21:00:00,677.4426697664653
2024-01-23 22:00:00,678.3756187038298
2024-01-23 23:00:00,678.0972325268694
2024-01-24 00:00:00,684.4361428351684
2024-01-24 01:00:00,686.2082470516746
2024-01-24 02:00:00,688.3962603620505
2024-01-24 03:00:00,686.8368755314382
2024-01-24 04:00:00,684.8988444110757
2024-01-24 05:00:00,683.2360534719776
2024-01-24 06:00:00,685.7083141838691
2024-01-24 07:00:00,684.1033917797679
2024-01-24 08:00:00,686.0522660642499
2024-01-24 09:00:00,696.9292700574771
2024-01-24 10:00:00,701.7848935746356
2024-01-24 11:00:00,700.6547759137964
2024-01-24 12:00:00,707.160845524616
2024-01-24 13:00:00,705.6204686595083
2024-01-24 14:00:00,695.929845983619
2024-01-24 15:00:00,691.389414429032
2024-01-24 16:00:00,682.5354548239027
2024-01-24 17:00:00,681.2778874036961
2024-01-24 18:00:00,681.8699792996439
2024-01-24 19:00:00,690.7521658610203
2024-01-24 20:00:00,692.8868027298411
2024-01-24 21:00:00,692.2913000857968
2024-01-24 22:00:00,696.9383279917142
2024-01-24 23:00:00,686.3826514466748
2024-01-25 00:00:00,688.0607242372176
2024-01-25 01:00:00,692.4150502066525
2024-01-25 02:00:00,685.5221189777533
2024-01-25 03:00:00,691.7408891937879
2024-01-25 04:00:00,693.93337123126
2024-01-25 05:00:00,692.356931661756
2024-01-25 06:00:00,696.0208409922874
2024-01-25 07:00:00,707.8743052813094
2024-01-25 08:00:00,709.2836365566018
2024-01-25 09:00:00,711.0247394881035
2024-01-25 10:00:00,709.2279349904023
2024-01-25 11:00:00,705.4787131430784
2024-01-25 12:00:00,710.1303922257996
2024-01-25 13:00:00,706.3499730962553
2024-01-25 14:00:00,707.2078042823523
2024-01-25 15:00:00,705.3195170485267
2024-01-25 16:00:00,708.2144161772586
2024-01-25 17:00:00,710.3827267036934
2024-01-25 18:00:00,716.0704264249829
2024-01-25 19:00:00,714.0203444307092
2024-01-25 20:00:00,713.1709697542423
2024-01-25 21:00:00,708.7771511753308
2024-01-25 22:00:00,707.0556848749502
2024-01-25 23:00:00,709.4421873401745
2024-01-26 00:00:00,713.7271304234013
2024-01-26 01:00:00,709.6163038025131
2024-01-26 02:00:00,714.4643334030415
2024-01-26 03:00:00,721.7425226970662
2024-01-26 04:00:00,724.3096972131847
2024-01-26 05:00:00,734.193676275975
2024-01-26 06:00:00,730.8247302804571
2024-01-26 07:00:00,725.1014567639
2024-01-26 08:00:00,716.7078555193787
2024-01-26 09:00:00,724.6880770768246
2024-01-26 10:00:00,728.4599053585948
2024-01-26 11:00:00,728.6819820040425
2024-01-26 12:00:00,730.5818251356417
2024-01-26 13:00:00,725.4543798991498
2024-01-26 14:00:00,738.1831397972339
2024-01-26 15:00:00,739.3292457071101
2024-01-26 16:00:00,740.3762196801346
2024-01-26 17:00:00,744.505052799628
2024-01-26 18:00:00,747.4100989583116
2024-01-26 19:00:00,749.0295190797071
2024-01-26 20:00:00,745.5771468024807
2024-01-26 21:00:00,748.4344885881605
2024-01-26 22:00:00,758.3446110705358
2024-01-26 23:00:00,765.5717113013106
2024-01-27 00:00:00,774.0376444345077
2024-01-27 01:00:00,771.9815660523518
2024-01-27 02:00:00,767.5335419510589
2024-01-27 03:00:00,767.4046073505606
2024-01-27 04:00:00,768.183231912004
2024-01-27 05:00:00,774.1541895043588
2024-01-27 06:00:00,766.1918663557847
2024-01-27 07:00:00,774.3396179530878
2024-01-27 08:00:00,774.0495784601928
2024-01-27 09:00:00,772.4151731104557
2024-01-27 10:00:00,767.8546512341549
2024-01-27 11:00:00,760.080367874826
2024-01-27 12:00:00,764.6962207946356
2024-01-27 13:00:00,765.5628106305776
2024-01-27 14:00:00,759.6130061318725
2024-01-27 15:00:00,753.6376122715543
2024-01-27 16:00:00,752.4586887751036
2024-01-27 17:00:00,761.3037964015507
2024-01-27 18:00:00,760.5058396447326
2024-01-27 19:00:00,753.4901248791421
2024-01-27 20:00:00,752.7614095587123
2024-01-27 21:00:00,751.8977917099741
2024-01-27 22:00:00,738.9133584952663
2024-01-27 23:00:00,739.1418841626771
2024-01-28 00:00:00,738.4872115116339
2024-01-28 01:00:00,742.4682433357009
2024-01-28 02:00:00,752.2130238104276
2024-01-28 03:00:00,758.3458489581665
2024-01-28 04:00:00,757.5014055053923
2024-01-28 05:00:00,752.4687759616838
2024-01-28 06:00:00,765.8355749779332
2024-01-28 07:00:00,766.6316671480056
2024-01-28 08:00:00,767.2013136075705
2024-01-28 09:00:00,767.5806881720204
2024-01-28 10:00:00,769.0711119758596
2024-01-28 11:00:00,768.8493099162399
2024-01-28 12:00:00,766.4809998818387
2024-01-28 13:00:00,764.2467051756367
2024-01-28 14:00:00,764.5829388245568
2024-01-28 15:00:00,762.3658149688879
2024-01-28 16:00:00,759.3015860555022
2024-01-28 17:00:00,760.3337371939616
2024-01-28 18:00:00,759.5588511068573
2024-01-28 19:00:00,767.5788160497707
2024-01-28 20:00:00,754.8239670078057
2024-01-28 21:00:00,760.781501267418
2024-01-28 22:00:00,767.5119272299062
2024-01-28 23:00:00,757.6449760678654
2024-01-29 00:00:00,756.4315380974637
2024-01-29 01:00:00,755.0743337674846
2024-01-29 02:00:00,748.5367752938955
2024-01-29 03:00:00,745.1476918559413
2024-01-29 04:00:00,740.0948126286121
2024-01-29 05:00:00,749.3561648457302
2024-01-29 06:00:00,754.5345568114675
2024-01-29 07:00:00,761.3923322864383
2024-01-29 08:00:00,765.5006926066544
2024-01-29 09:00:00,760.3554337505683
2024-01-29 10:00:00,758.2328324191694
2024-01-29 11:00:00,761.179705225309
2024-01-29 12:00:00,755.5690661808493
2024-01-29 13:00:00,759.6340583317112
2024-01-29 14:00:00,758.9324313409206
2024-01-29 15:00:00,757.5583273031725
2024-01-29 16:00:00,761.61312714419
2024-01-29 17:00:00,764.3344437016203
2024-01-29 18:00:00,763.0296128725249
2024-01-29 19:00:00,769.3262618893461
2024-01-29 20:00:00,764.4209452513467
2024-01-29 21:00:00,768.0006232860679
2024-01-29 22:00:00,771.4661295759099
2024-01-29 23:00:00,770.4183973793399
2024-01-30 00:00:00,772.5490624905506
